{
    "sum": 9656377,
    "avr": 206.04226944906756,
    "sumMD": 42346,
    "avrMD": 197.8785046728972,
    "sumSD": 46486,
    "avrSD": 217.22429906542055,
    "max": 402,
    "min": 11
}